Month,Total Cases,Contact Center COST
jan,16983,32795.26875
fev,8498,30860.27875
mar,7055,22472.82875
abr,7147,23128.36875
mai,10912,22338.725
jun,11161,23337.925
jul,11643,24594.375
ago,10077,22483.325
set,9046,22871.8125
out,9442,25714.875
nov,13833,40679.205
dez,15623,39346.6475
